{
	"format_version": "1.8.0",
	"animations": {
		"animation.poochi.groundidle": {
			"loop": true,
			"animation_length": 4,
			"bones": {
				"body": {
					"scale": {
						"0.0": [1, 1, 1],
						"1.0": [1, 0.975, 1],
						"2.0": [1, 1, 1],
						"3.0": [1, 0.975, 1],
						"4.0": [1, 1, 1]
					}
				},
				"tails": {
					"rotation": {
						"0.0": [52.5, 0, 0],
						"1.0": [25, 0, 0],
						"2.0": [52.5, 0, 0],
						"3.0": [25, 0, 0],
						"4.0": [52.5, 0, 0]
					}
				},
				"rear": {
					"rotation": {
						"0.0": [0, 0, 0],
						"3.0833": [0, 0, 0],
						"3.5833": [13.82707, -32.77305, 0],
						"4.0": [0, 0, 0]
					}
				},
				"lear": {
					"rotation": {
						"0.0": [0, 0, 0],
						"1.3333": [0, 0, 0],
						"2.25": [0, 0, -15],
						"2.75": [0, 0, 0]
					}
				},
				"reye": {
					"scale": {
						"0.0": [1, 1, 1],
						"1.9167": [1, 1, 1],
						"2.0": [1, 0.1, 1],
						"2.2083": [1, 1, 1]
					}
				},
				"leye": {
					"scale": {
						"0.0": [1, 1, 1],
						"1.9167": [1, 1, 1],
						"2.0": [1, 0.1, 1],
						"2.2083": [1, 1, 1]
					}
				}
			}
		},
		"animation.poochi.battle_idle": {
			"loop": true,
			"animation_length": 4,
			"bones": {
				"body": {
					"scale": {
						"0.0": [1, 1, 1],
						"1.0": [1, 0.975, 1],
						"2.0": [1, 1, 1],
						"3.0": [1, 0.975, 1],
						"4.0": [1, 1, 1]
					}
				},
				"tails": {
					"rotation": {
						"0.0": [52.5, 0, 0],
						"1.0": [25, 0, 0],
						"2.0": [52.5, 0, 0],
						"3.0": [25, 0, 0],
						"4.0": [52.5, 0, 0]
					}
				},
				"rear": {
					"rotation": {
						"0.0": [0, 0, 0],
						"3.0833": [0, 0, 0],
						"3.5833": [13.82707, -32.77305, 0],
						"4.0": [0, 0, 0]
					}
				},
				"lear": {
					"rotation": {
						"0.0": [0, 0, 0],
						"1.3333": [0, 0, 0],
						"2.25": [0, 0, -15],
						"2.75": [0, 0, 0]
					}
				},
				"reye": {
					"scale": {
						"0.0": [1, 1, 1],
						"1.9167": [1, 1, 1],
						"2.0": [1, 0.1, 1],
						"2.2083": [1, 1, 1]
					}
				},
				"leye": {
					"scale": {
						"0.0": [1, 1, 1],
						"1.9167": [1, 1, 1],
						"2.0": [1, 0.1, 1],
						"2.2083": [1, 1, 1]
					}
				}
			}
		},
		"animation.poochi.groundwalk": {
			"loop": true,
			"animation_length": 1,
			"bones": {
				"body": {
					"rotation": {
						"0.0": [0, 0, 0],
						"0.2083": [-7.5, 0, 0],
						"0.625": [5.78, 0, 0],
						"0.7083": [0, 0, 0]
					},
					"position": {
						"0.0": [0, 0, 0],
						"0.2083": [0, 8, 0],
						"0.7083": [0, 0, 0],
						"1.0": [0, 0, 0]
					},
					"scale": {
						"0.0": [1, 0.8, 1],
						"0.0417": [1, 0.9, 1],
						"0.0833": [1, 1.1, 1],
						"0.2083": [1, 0.8, 1],
						"0.375": [1, 0.9, 1],
						"0.4583": [1, 0.9, 1],
						"0.7083": [1, 0.7, 1],
						"1.0": [1, 0.8, 1]
					}
				},
				"ears": {
					"rotation": {
						"0.0": [0, 0, 0],
						"0.0833": [-30, 0, 0],
						"0.375": [-12.5, 0, 0],
						"0.5833": [25, 0, 0],
						"0.75": [-2.5, 0, 0],
						"1.0": [0, 0, 0]
					}
				},
				"eyes": {
					"scale": {
						"0.0": [1, 1, 1],
						"0.0417": [1, 1, 1],
						"0.0833": [1, 0.1, 1],
						"0.2083": [1, 1, 1]
					}
				},
				"tails": {
					"rotation": {
						"0.0": [50, 0, 0],
						"0.0417": [22.5, 0, 0],
						"0.1667": [-27.5, 0, 0],
						"0.3333": [0, 0, 0],
						"0.5417": [30, 0, 0],
						"0.7083": [55, 0, 0],
						"1.0": [50, 0, 0]
					}
				}
			}
		},
		"animation.poochi.sleep": {
			"loop": true,
			"animation_length": 3.04167,
			"bones": {
				"body": {
					"scale": {
						"0.0": [1, 1, 1],
						"1.5": [1, 0.9, 1],
						"3.0": [1, 1, 1]
					}
				},
				"ears": {
					"rotation": [30, 0, 0]
				},
				"eyes": {
					"position": [0, -0.7, 0],
					"scale": [1, 0.1, 1]
				},
				"tails": {
					"rotation": {
						"0.0": [-40.8298, 34.73537, -26.21307],
						"0.75": [-32.5, 0, 0],
						"1.75": [-39.74814, -32.82818, 24.26813],
						"3.0": [-40.8298, 34.73537, -26.21307]
					}
				},
				"rear": {
					"rotation": {
						"0.0": [0, 0, 0],
						"2.0833": [0, 0, 0],
						"2.3333": [0, -22.5, 0],
						"2.5": [0, 0, 0]
					}
				},
				"lear": {
					"rotation": {
						"0.0": [0, 0, 0],
						"1.0833": [0, 0, 0],
						"1.125": [0, 0, -12.5],
						"1.1667": [0, 0, 7.5],
						"1.2083": [0, 0, 0]
					}
				}
			}
		},
		"animation.poochi.faint": {
			"loop": "hold_on_last_frame",
			"animation_length": 1,
			"bones": {
				"body": {
					"rotation": {
						"0.0": [0, 0, 0],
						"0.25": [-7.5, 0, 0],
						"0.5": [23.34288, 30.32448, 12.2921],
						"1.0": [79.98718, 8.29741, 90.41203]
					},
					"position": {
						"0.0": [0, 0, 0],
						"0.75": [0, 5, 0],
						"1.0": [0, 4, 0]
					},
					"scale": {
						"0.0": [1, 1, 1],
						"0.2083": [1, 0.9, 1],
						"0.4167": [0.9, 0.8, 1],
						"0.9583": [0.7071, 0.8929, 1.1],
						"1.0": [0.8, 0.9, 1]
					}
				},
				"ears": {
					"rotation": {
						"0.0": [0, 0, 0],
						"0.0417": [0, 0, 0],
						"0.2917": [-30, 0, 0],
						"0.5": [32.5, 0, 0],
						"1.0": [32.40109, -2.68407, 4.22005]
					}
				},
				"eyes": {
					"scale": {
						"0.0": [1, 1, 1],
						"0.5": [1, 0.6, 1],
						"0.75": [1, 0.2, 1],
						"1.0": [1, 0.1, 1]
					}
				},
				"tails": {
					"rotation": {
						"0.0": [32.5, 0, 0],
						"0.2083": [0, 0, 0],
						"0.4167": [-44.95208, -30.66101, 62.94153],
						"0.5833": [-26.04835, -46.00928, 88.40299],
						"1.0": [43.95165, -46.00928, 88.40299]
					}
				},
				"rear": {
					"rotation": {
						"0.0": [0, 0, 0],
						"1.0": [0, 0, 25]
					}
				},
				"lear": {
					"rotation": {
						"0.0": [0, 0, 0],
						"1.0": [0, 0, 30]
					}
				}
			}
		}
	}
}